{
    "doa buka puasa": {
        "STKID": "42823800",
        "STKPKGID": "11247",
        "STKVER": "1"
    },
    "ngakak": {
        "STKID": "9805236",
        "STKPKGID": "5923",
        "STKVER": "1"
    },
    "nyapa": {
        "STKID": "2754677",
        "STKPKGID": "1066653",
        "STKVER": "1"
    },
    "nyengir": {
        "STKID": "13269128",
        "STKPKGID": "1329180",
        "STKVER": "1"
    },
    "off": {
        "STKID": "48988",
        "STKPKGID": "2000004",
        "STKVER": "4"
    },
    "surah no 1": {
        "STKID": "42823798",
        "STKPKGID": "11247",
        "STKVER": "1"
    }
}